case,source,step,input_file,layer,pt_shape,onnx_shape,shape_match,mean_abs_diff,max_abs_diff,rmse,l2_diff,rel_l2,nrmse_rms,cosine_similarity,pt_mean,onnx_mean,pt_std,onnx_std
deploy_step0,deploy,0,/home/sail/Lite3/rl_training_new/lite3_debug/deploy/debug_cpp_step0.txt,input.obs_flat,"[1, 4797]","[1, 4797]",True,0.0,0.0,0.0,0.0,0.0,0.0,0.9999999999999913,0.006492734335504687,0.006492734335504687,0.15446089316804743,0.15446089316804743
deploy_step0,deploy,0,/home/sail/Lite3/rl_training_new/lite3_debug/deploy/debug_cpp_step0.txt,split.obs,"[1, 117]","[1, 117]",True,0.0,0.0,0.0,0.0,0.0,0.0,0.9999999999999826,0.13310105387784607,0.13310105387784607,0.6871977396381379,0.6871977396381379
deploy_step0,deploy,0,/home/sail/Lite3/rl_training_new/lite3_debug/deploy/debug_cpp_step0.txt,split.obs_hist,"[1, 4680]","[1, 4680]",True,0.0,0.0,0.0,0.0,0.0,0.0,0.9999999999999827,0.0033275263469461523,0.0033275263469461523,0.11062478549624112,0.11062478549624112
deploy_step0,deploy,0,/home/sail/Lite3/rl_training_new/lite3_debug/deploy/debug_cpp_step0.txt,adaptation_module.0,"[1, 256]","[1, 256]",True,2.575034159235656e-07,3.814697265625e-06,6.407206682039702e-07,1.0251530691263523e-05,1.240633474541229e-07,1.240633474541229e-07,0.9999999999999925,-0.8335283102205722,-0.8335282860134612,5.096755537757182,5.096755432660763
deploy_step0,deploy,0,/home/sail/Lite3/rl_training_new/lite3_debug/deploy/debug_cpp_step0.txt,adaptation_module.1,"[1, 256]","[1, 256]",True,1.4729812392033637e-07,3.814697265625e-06,5.205153382854527e-07,8.328245412567244e-06,1.434089023738443e-07,1.434089023738443e-07,0.9999999999999895,0.29237215302782715,0.29237216818728484,3.617793940646042,3.617793944691552
deploy_step0,deploy,0,/home/sail/Lite3/rl_training_new/lite3_debug/deploy/debug_cpp_step0.txt,adaptation_module.2,"[1, 32]","[1, 32]",True,1.8528662621974945e-06,1.1444091796875e-05,2.971344646582043e-06,1.6808463590724066e-05,2.5046005409398605e-07,2.50460054093986e-07,0.9999999999999709,-5.8451809315010905,-5.845180527772754,10.323643227975435,10.323642448268448
deploy_step0,deploy,0,/home/sail/Lite3/rl_training_new/lite3_debug/deploy/debug_cpp_step0.txt,adaptation_module.3,"[1, 32]","[1, 32]",True,4.0302984416484833e-07,3.814697265625e-06,1.0075111146475043e-06,5.69934353030454e-06,3.0921169357577123e-07,3.0921169357577123e-07,0.9999999999999722,0.6854753161314875,0.6854755887761712,3.1854014978530514,3.1854021566632977
deploy_step0,deploy,0,/home/sail/Lite3/rl_training_new/lite3_debug/deploy/debug_cpp_step0.txt,adaptation_module.4,"[1, 18]","[1, 18]",True,1.2169281641642252e-07,2.980232238769531e-07,1.556915841366597e-07,6.605434495002478e-07,2.034954867298317e-07,2.0349548672983172e-07,0.9999999999998845,-0.03311157847444216,-0.0331115759909153,0.7643693366389134,0.7643693398409732
deploy_step0,deploy,0,/home/sail/Lite3/rl_training_new/lite3_debug/deploy/debug_cpp_step0.txt,concat.obs_latent,"[1, 135]","[1, 135]",True,1.6225708855523002e-08,2.980232238769531e-07,5.685052843024133e-08,6.605434495002478e-07,8.018444867765736e-08,8.018444867765739e-08,0.999999999999982,0.11093936956420765,0.11093936989534457,0.7002636015029995,0.7002636019009072
deploy_step0,deploy,0,/home/sail/Lite3/rl_training_new/lite3_debug/deploy/debug_cpp_step0.txt,actor.0,"[1, 512]","[1, 512]",True,9.559153113514185e-08,7.152557373046875e-07,1.316087441696879e-07,2.9779659349066183e-06,2.462572945224229e-07,2.462572945224229e-07,0.9999999999999627,0.04879524795433099,0.04879525597971224,0.5322036998782708,0.5322037055461278
deploy_step0,deploy,0,/home/sail/Lite3/rl_training_new/lite3_debug/deploy/debug_cpp_step0.txt,actor.1,"[1, 512]","[1, 512]",True,8.042297849897295e-08,4.76837158203125e-07,1.074812418355564e-07,2.4320228784727417e-06,2.3202293185382681e-07,2.3202293185382681e-07,0.9999999999999643,0.1000177198820893,0.10001772480063664,0.45230909369126787,0.4523091042438117
deploy_step0,deploy,0,/home/sail/Lite3/rl_training_new/lite3_debug/deploy/debug_cpp_step0.txt,actor.2,"[1, 256]","[1, 256]",True,2.0940933609381318e-07,9.5367431640625e-07,2.774597218157577e-07,4.439355549052123e-06,2.2111727353151703e-07,2.2111727353151703e-07,0.9999999999999745,-0.023121940866985824,-0.02312192965473514,1.2545949428341945,1.2545950075275485
deploy_step0,deploy,0,/home/sail/Lite3/rl_training_new/lite3_debug/deploy/debug_cpp_step0.txt,actor.3,"[1, 256]","[1, 256]",True,1.445660018362105e-07,7.152557373046875e-07,2.1021038940939591e-07,3.3633662305503346e-06,2.165673742201854e-07,2.165673742201854e-07,0.9999999999999736,0.22235919752711197,0.2223592250375077,0.9448339773679298,0.944834020234437
deploy_step0,deploy,0,/home/sail/Lite3/rl_training_new/lite3_debug/deploy/debug_cpp_step0.txt,actor.4,"[1, 128]","[1, 128]",True,3.459281288087368e-07,1.430511474609375e-06,4.3940688338213945e-07,4.971321391032916e-06,2.7883524746687963e-07,2.7883524746687963e-07,0.9999999999999594,0.1478713994147256,0.14787133544450626,1.5689125336754166,1.5689126235832815
deploy_step0,deploy,0,/home/sail/Lite3/rl_training_new/lite3_debug/deploy/debug_cpp_step0.txt,actor.5,"[1, 128]","[1, 128]",True,2.4677137844264507e-07,1.430511474609375e-06,3.57890161687738e-07,4.049064963989592e-06,2.813711595631504e-07,2.813711595631504e-07,0.9999999999999559,0.44493955370853655,0.4449395354022272,1.1915899623253037,1.1915900010247082
deploy_step0,deploy,0,/home/sail/Lite3/rl_training_new/lite3_debug/deploy/debug_cpp_step0.txt,actor.6,"[1, 12]","[1, 12]",True,4.849086205164591e-07,1.1920928955078125e-06,5.750035153480724e-07,1.991870606227144e-06,3.300092450696502e-07,3.3000924506965024e-07,0.9999999999999345,-0.7484159683808684,-0.748416155266265,1.5734620411646147,1.5734623011091295
train_step0,train,0,/home/sail/Lite3/rl_training_new/lite3_debug/train/2026-02-12_13-02-05_parity_latest/debug_play_step0.npz,input.obs_flat,"[1, 4797]","[1, 4797]",True,0.0,0.0,0.0,0.0,0.0,0.0,0.9999999999999912,0.0038658688061467585,0.0038658688061467585,0.1548254128472844,0.1548254128472844
train_step0,train,0,/home/sail/Lite3/rl_training_new/lite3_debug/train/2026-02-12_13-02-05_parity_latest/debug_play_step0.npz,split.obs,"[1, 117]","[1, 117]",True,0.0,0.0,0.0,0.0,0.0,0.0,0.9999999999999826,0.07925031052600855,0.07925031052600855,0.6967276247452647,0.6967276247452647
train_step0,train,0,/home/sail/Lite3/rl_training_new/lite3_debug/train/2026-02-12_13-02-05_parity_latest/debug_play_step0.npz,split.obs_hist,"[1, 4680]","[1, 4680]",True,0.0,0.0,0.0,0.0,0.0,0.0,0.9999999999999826,0.0019812577631502138,0.0019812577631502138,0.11085497051425856,0.11085497051425856
train_step0,train,0,/home/sail/Lite3/rl_training_new/lite3_debug/train/2026-02-12_13-02-05_parity_latest/debug_play_step0.npz,adaptation_module.0,"[1, 256]","[1, 256]",True,2.0160950953140855e-07,5.7220458984375e-06,5.826512425588078e-07,9.322419880940924e-06,1.1227256951713393e-07,1.122725695171339e-07,0.9999999999999936,-0.7500984486032394,-0.750098441800219,5.135118363507489,5.135118353202939
train_step0,train,0,/home/sail/Lite3/rl_training_new/lite3_debug/train/2026-02-12_13-02-05_parity_latest/debug_play_step0.npz,adaptation_module.1,"[1, 256]","[1, 256]",True,1.1190422810614109e-07,5.7220458984375e-06,5.061919185101832e-07,8.099070696162932e-06,1.3902886634383654e-07,1.3902886634383654e-07,0.9999999999999901,0.3805063439067453,0.3805063443724066,3.6209746987626734,3.620974689877154
train_step0,train,0,/home/sail/Lite3/rl_training_new/lite3_debug/train/2026-02-12_13-02-05_parity_latest/debug_play_step0.npz,adaptation_module.2,"[1, 32]","[1, 32]",True,2.194778062403202e-06,1.1444091796875e-05,3.3489549786905677e-06,1.89445502025644e-05,2.3392777087647458e-07,2.3392777087647458e-07,0.9999999999999748,-6.8350575810763985,-6.835057673626579,12.579163449095148,12.579164377702694
train_step0,train,0,/home/sail/Lite3/rl_training_new/lite3_debug/train/2026-02-12_13-02-05_parity_latest/debug_play_step0.npz,adaptation_module.3,"[1, 32]","[1, 32]",True,7.121125236153603e-07,6.67572021484375e-06,1.62591011517808e-06,9.197536544337766e-06,4.4040246920675207e-07,4.40402469206752e-07,0.9999999999999021,1.00558851135429,1.0055887019261718,3.552283796826966,3.552283951401312
train_step0,train,0,/home/sail/Lite3/rl_training_new/lite3_debug/train/2026-02-12_13-02-05_parity_latest/debug_play_step0.npz,adaptation_module.4,"[1, 18]","[1, 18]",True,2.2558702362908258e-07,7.748603820800781e-07,3.1180380606377424e-07,1.3228715140048193e-06,3.4674906609520857e-07,3.467490660952086e-07,0.9999999999999051,0.009987393187152015,0.009987386150492562,0.8991648543550793,0.8991650881036579
train_step0,train,0,/home/sail/Lite3/rl_training_new/lite3_debug/train/2026-02-12_13-02-05_parity_latest/debug_play_step0.npz,concat.obs_latent,"[1, 135]","[1, 135]",True,3.007826981721101e-08,7.748603820800781e-07,1.1385465206473016e-07,1.3228715140048193e-06,1.5581015495083892e-07,1.5581015495083892e-07,0.9999999999999754,0.07001525488082767,0.07001525394260642,0.727364753079734,0.7273647916850183
train_step0,train,0,/home/sail/Lite3/rl_training_new/lite3_debug/train/2026-02-12_13-02-05_parity_latest/debug_play_step0.npz,actor.0,"[1, 512]","[1, 512]",True,1.1791962606366724e-07,4.76837158203125e-07,1.4836095428502013e-07,3.357025178823843e-06,2.528036546962633e-07,2.5280365469626337e-07,0.9999999999999682,0.047731297454447486,0.04773130705325457,0.5849180929448226,0.5849181552250448
train_step0,train,0,/home/sail/Lite3/rl_training_new/lite3_debug/train/2026-02-12_13-02-05_parity_latest/debug_play_step0.npz,actor.1,"[1, 512]","[1, 512]",True,1.0000530892284587e-07,4.76837158203125e-07,1.3037671648889736e-07,2.950088330820329e-06,2.535359335370288e-07,2.535359335370288e-07,0.999999999999966,0.10456013780731155,0.10456015827367082,0.5034912677940359,0.5034913182743109
train_step0,train,0,/home/sail/Lite3/rl_training_new/lite3_debug/train/2026-02-12_13-02-05_parity_latest/debug_play_step0.npz,actor.2,"[1, 256]","[1, 256]",True,3.6834535421803594e-07,1.9073486328125e-06,4.881097869656524e-07,7.809756591450438e-06,3.1508446789165516e-07,3.150844678916551e-07,0.9999999999999603,0.048161662234633695,0.04816170445701573,1.548390637171839,1.5483908690379593
train_step0,train,0,/home/sail/Lite3/rl_training_new/lite3_debug/train/2026-02-12_13-02-05_parity_latest/debug_play_step0.npz,actor.3,"[1, 256]","[1, 256]",True,2.5280314730480313e-07,1.9073486328125e-06,3.828467379219459e-07,6.1255478067511345e-06,3.173022674337102e-07,3.173022674337102e-07,0.9999999999999595,0.3638189468692872,0.36381905181042384,1.150409460925018,1.1504096275412237
train_step0,train,0,/home/sail/Lite3/rl_training_new/lite3_debug/train/2026-02-12_13-02-05_parity_latest/debug_play_step0.npz,actor.4,"[1, 128]","[1, 128]",True,5.355977918952703e-07,3.337860107421875e-06,7.287547819302264e-07,8.244919169999787e-06,3.576861014645973e-07,3.576861014645973e-07,0.9999999999999448,0.032271714037051424,0.03227168828016147,2.0371587102359605,2.0371590080318964
train_step0,train,0,/home/sail/Lite3/rl_training_new/lite3_debug/train/2026-02-12_13-02-05_parity_latest/debug_play_step0.npz,actor.5,"[1, 128]","[1, 128]",True,3.134773578494787e-07,3.337860107421875e-06,5.39178364236661e-07,6.100106841933012e-06,3.4056589682343125e-07,3.4056589682343135e-07,0.9999999999999485,0.5188665600435343,0.5188666539615951,1.4957432953615868,1.4957434937578509
train_step0,train,0,/home/sail/Lite3/rl_training_new/lite3_debug/train/2026-02-12_13-02-05_parity_latest/debug_play_step0.npz,actor.6,"[1, 12]","[1, 12]",True,4.4765571753184e-07,1.385807991027832e-06,5.850999022153706e-07,2.026845516281208e-06,2.4864112831667327e-07,2.486411283166732e-07,0.9999999999999626,-0.8456070447961489,-0.8456069050977627,2.1960085427286478,2.1960089174450546
deploy_step1,deploy,1,/home/sail/Lite3/rl_training_new/lite3_debug/deploy/debug_cpp_step1.txt,input.obs_flat,"[1, 4797]","[1, 4797]",True,0.0,0.0,0.0,0.0,0.0,0.0,0.999999999999996,0.005606014297965254,0.005606014297965254,0.22615864675729277,0.22615864675729277
deploy_step1,deploy,1,/home/sail/Lite3/rl_training_new/lite3_debug/deploy/debug_cpp_step1.txt,split.obs,"[1, 117]","[1, 117]",True,0.0,0.0,0.0,0.0,0.0,0.0,0.9999999999999895,0.04837276616936468,0.04837276616936468,0.8954633225192546,0.8954633225192546
deploy_step1,deploy,1,/home/sail/Lite3/rl_training_new/lite3_debug/deploy/debug_cpp_step1.txt,split.obs_hist,"[1, 4680]","[1, 4680]",True,0.0,0.0,0.0,0.0,0.0,0.0,0.9999999999999934,0.0045368455011802694,0.0045368455011802694,0.17981433422472154,0.17981433422472154
deploy_step1,deploy,1,/home/sail/Lite3/rl_training_new/lite3_debug/deploy/debug_cpp_step1.txt,adaptation_module.0,"[1, 256]","[1, 256]",True,4.869943950325251e-07,7.62939453125e-06,1.0795933906203027e-06,1.7273494249924844e-05,1.461896766345109e-07,1.461896766345109e-07,0.9999999999999892,-1.9721390290069394,-1.9721390561026055,7.116680236252411,7.116680106492994
deploy_step1,deploy,1,/home/sail/Lite3/rl_training_new/lite3_debug/deploy/debug_cpp_step1.txt,adaptation_module.1,"[1, 256]","[1, 256]",True,2.1189043764024973e-07,7.62939453125e-06,8.958404928173684e-07,1.4333447885077894e-05,1.893347199943712e-07,1.8933471999437119e-07,0.999999999999983,0.41560760243737604,0.4156076150247827,4.713228804637506,4.7132285964053064
deploy_step1,deploy,1,/home/sail/Lite3/rl_training_new/lite3_debug/deploy/debug_cpp_step1.txt,adaptation_module.2,"[1, 32]","[1, 32]",True,2.4368055164813995e-06,1.52587890625e-05,3.914041984383394e-06,2.2141165032050793e-05,2.2447005402998982e-07,2.2447005402998982e-07,0.9999999999999778,-8.532149774488062,-8.53214975912124,15.206735680417417,15.20673414015254
deploy_step1,deploy,1,/home/sail/Lite3/rl_training_new/lite3_debug/deploy/debug_cpp_step1.txt,adaptation_module.3,"[1, 32]","[1, 32]",True,3.972090780735016e-07,4.76837158203125e-06,1.022050892660487e-06,5.781592935343956e-06,2.529720493553494e-07,2.529720493553495e-07,0.9999999999999671,1.213805713225156,1.213805670849979,3.8535276213901772,3.8535274372072896
deploy_step1,deploy,1,/home/sail/Lite3/rl_training_new/lite3_debug/deploy/debug_cpp_step1.txt,adaptation_module.4,"[1, 18]","[1, 18]",True,1.4901161193847656e-07,3.8743019104003906e-07,1.7540100796033517e-07,7.441634529342516e-07,1.922459951935746e-07,1.922459951935746e-07,0.999999999999915,-0.010317124426364899,-0.010317200587855445,0.9123196204159801,0.9123196142165148
deploy_step1,deploy,1,/home/sail/Lite3/rl_training_new/lite3_debug/deploy/debug_cpp_step1.txt,concat.obs_latent,"[1, 135]","[1, 135]",True,1.9868214925130207e-08,3.8743019104003906e-07,6.404739244601251e-08,7.441634529342516e-07,7.125356619801233e-08,7.125356619801233e-08,0.9999999999999886,0.0405474474232674,0.040547437268401994,0.8979507765874444,0.8979507763228464
deploy_step1,deploy,1,/home/sail/Lite3/rl_training_new/lite3_debug/deploy/debug_cpp_step1.txt,actor.0,"[1, 512]","[1, 512]",True,9.89057298284024e-08,7.152557373046875e-07,1.385799844669624e-07,3.135707096106097e-06,2.035507007727317e-07,2.0355070077273166e-07,0.9999999999999757,0.08472612611149088,0.08472612913465127,0.6755205152202793,0.6755204912295872
deploy_step1,deploy,1,/home/sail/Lite3/rl_training_new/lite3_debug/deploy/debug_cpp_step1.txt,actor.1,"[1, 512]","[1, 512]",True,7.845073923817836e-08,4.76837158203125e-07,1.0655277860816523e-07,2.411014153859281e-06,1.7889339750252304e-07,1.7889339750252304e-07,0.9999999999999789,0.15398355273782727,0.15398355072102277,0.5753730982655103,0.5753730803760646
deploy_step1,deploy,1,/home/sail/Lite3/rl_training_new/lite3_debug/deploy/debug_cpp_step1.txt,actor.2,"[1, 256]","[1, 256]",True,2.3993197828531265e-07,1.430511474609375e-06,3.4154850793098383e-07,5.464776126895741e-06,2.095719844382898e-07,2.095719844382898e-07,0.9999999999999779,-0.004575244354782626,-0.004575239465339109,1.6297367367313527,1.6297366559867805
deploy_step1,deploy,1,/home/sail/Lite3/rl_training_new/lite3_debug/deploy/debug_cpp_step1.txt,actor.3,"[1, 256]","[1, 256]",True,1.5797559171915054e-07,1.1920928955078125e-06,2.647111376722524e-07,4.235378202756038e-06,2.176567957015939e-07,2.176567957015939e-07,0.9999999999999744,0.3562718774774112,0.3562718511093408,1.1628321561760186,1.1628321210410182
deploy_step1,deploy,1,/home/sail/Lite3/rl_training_new/lite3_debug/deploy/debug_cpp_step1.txt,actor.4,"[1, 128]","[1, 128]",True,4.3734326027333736e-07,1.6689300537109375e-06,5.678155621525881e-07,6.424099751381546e-06,2.776847756014553e-07,2.7768477560145527e-07,0.9999999999999603,0.0863007590523921,0.08630089400685392,2.042998691178895,2.042998618200297
deploy_step1,deploy,1,/home/sail/Lite3/rl_training_new/lite3_debug/deploy/debug_cpp_step1.txt,actor.5,"[1, 128]","[1, 128]",True,2.502638380974531e-07,1.430511474609375e-06,3.800442325715721e-07,4.299709664035137e-06,2.3908138037511206e-07,2.3908138037511206e-07,0.9999999999999689,0.5552546426770277,0.5552546871767845,1.4894719520678643,1.489471981055894
deploy_step1,deploy,1,/home/sail/Lite3/rl_training_new/lite3_debug/deploy/debug_cpp_step1.txt,actor.6,"[1, 12]","[1, 12]",True,2.703939874966939e-07,4.76837158203125e-07,3.2832081919196273e-07,1.1373366800462287e-06,1.41017904933412e-07,1.41017904933412e-07,0.9999999999999747,-1.0170079544186592,-1.0170079125091434,2.0943511897637057,2.094351231160628
train_step1,train,1,/home/sail/Lite3/rl_training_new/lite3_debug/train/2026-02-12_13-02-05_parity_latest/debug_play_step1.npz,input.obs_flat,"[1, 4797]","[1, 4797]",True,0.0,0.0,0.0,0.0,0.0,0.0,0.9999999999999943,0.008712092801002293,0.008712092801002293,0.19414221850153676,0.19414221850153676
train_step1,train,1,/home/sail/Lite3/rl_training_new/lite3_debug/train/2026-02-12_13-02-05_parity_latest/debug_play_step1.npz,split.obs,"[1, 117]","[1, 117]",True,0.0,0.0,0.0,0.0,0.0,0.0,0.9999999999999838,0.13897274715754276,0.13897274715754276,0.7134824176130287,0.7134824176130287
train_step1,train,1,/home/sail/Lite3/rl_training_new/lite3_debug/train/2026-02-12_13-02-05_parity_latest/debug_play_step1.npz,split.obs_hist,"[1, 4680]","[1, 4680]",True,0.0,0.0,0.0,0.0,0.0,0.0,0.9999999999999918,0.005455576442088782,0.005455576442088782,0.15960028562979414,0.15960028562979414
train_step1,train,1,/home/sail/Lite3/rl_training_new/lite3_debug/train/2026-02-12_13-02-05_parity_latest/debug_play_step1.npz,adaptation_module.0,"[1, 256]","[1, 256]",True,5.33123966306448e-07,9.5367431640625e-06,1.2176390007512289e-06,1.9482224012019662e-05,1.5169021024685155e-07,1.5169021024685152e-07,0.9999999999999895,-1.5281808786676265,-1.5281809744192287,7.880335464578953,7.880335149660446
train_step1,train,1,/home/sail/Lite3/rl_training_new/lite3_debug/train/2026-02-12_13-02-05_parity_latest/debug_play_step1.npz,adaptation_module.1,"[1, 256]","[1, 256]",True,2.1653249859809875e-07,9.5367431640625e-06,8.938688326430145e-07,1.4301901322288232e-05,1.534196188355299e-07,1.534196188355299e-07,0.9999999999999896,0.7586877074791119,0.7586876314599067,5.776692203281616,5.776691876546381
train_step1,train,1,/home/sail/Lite3/rl_training_new/lite3_debug/train/2026-02-12_13-02-05_parity_latest/debug_play_step1.npz,adaptation_module.2,"[1, 32]","[1, 32]",True,2.598389983177185e-06,9.5367431640625e-06,3.915590236882049e-06,2.2149923270777096e-05,2.2331003406159578e-07,2.2331003406159578e-07,0.9999999999999761,-7.944609810598195,-7.944609954021871,15.631239662732458,15.631240577212827
train_step1,train,1,/home/sail/Lite3/rl_training_new/lite3_debug/train/2026-02-12_13-02-05_parity_latest/debug_play_step1.npz,adaptation_module.3,"[1, 32]","[1, 32]",True,3.8743019104003906e-07,3.814697265625e-06,8.768925058725177e-07,4.960453098192974e-06,1.4748950125203113e-07,1.4748950125203113e-07,0.9999999999999898,2.0650560837239027,2.065056098625064,5.575303021310386,5.575302681985229
train_step1,train,1,/home/sail/Lite3/rl_training_new/lite3_debug/train/2026-02-12_13-02-05_parity_latest/debug_play_step1.npz,adaptation_module.4,"[1, 18]","[1, 18]",True,2.2268957561916775e-07,4.76837158203125e-07,2.5222168683723743e-07,1.0700859907495222e-06,1.9416216384407704e-07,1.94162163844077e-07,0.9999999999999499,0.017138101160526276,0.01713808212015364,1.29891288035474,1.298912806660811
train_step1,train,1,/home/sail/Lite3/rl_training_new/lite3_debug/train/2026-02-12_13-02-05_parity_latest/debug_play_step1.npz,concat.obs_latent,"[1, 135]","[1, 135]",True,2.9691943415889035e-08,4.76837158203125e-07,9.209833824850585e-08,1.0700859907495222e-06,1.1144686225647593e-07,1.1144686225647592e-07,0.9999999999999833,0.12272812769127389,0.12272812515255753,0.8172238155963312,0.8172238003069223
train_step1,train,1,/home/sail/Lite3/rl_training_new/lite3_debug/train/2026-02-12_13-02-05_parity_latest/debug_play_step1.npz,actor.0,"[1, 512]","[1, 512]",True,1.0016447049565613e-07,4.76837158203125e-07,1.3583141500053232e-07,3.0735140686412976e-06,1.6650993675185035e-07,1.6650993675185033e-07,0.9999999999999853,0.08075428480879054,0.08075427740550367,0.8117487052538463,0.8117486520009785
train_step1,train,1,/home/sail/Lite3/rl_training_new/lite3_debug/train/2026-02-12_13-02-05_parity_latest/debug_play_step1.npz,actor.1,"[1, 512]","[1, 512]",True,8.077313395915553e-08,4.76837158203125e-07,1.1435775511939525e-07,2.58762061203824e-06,1.6235142759492038e-07,1.6235142759492038e-07,0.9999999999999856,0.17694656947151088,0.1769465535580821,0.6817967387733471,0.6817966928598121
train_step1,train,1,/home/sail/Lite3/rl_training_new/lite3_debug/train/2026-02-12_13-02-05_parity_latest/debug_play_step1.npz,actor.2,"[1, 256]","[1, 256]",True,3.373352228663862e-07,2.384185791015625e-06,5.000623502909356e-07,8.00099760465497e-06,2.0488081012635603e-07,2.0488081012635603e-07,0.9999999999999829,0.1279617245090776,0.12796168340719305,2.43739097308702,2.4373907468031204
train_step1,train,1,/home/sail/Lite3/rl_training_new/lite3_debug/train/2026-02-12_13-02-05_parity_latest/debug_play_step1.npz,actor.3,"[1, 256]","[1, 256]",True,2.3681059246882796e-07,2.384185791015625e-06,4.201462511825056e-07,6.72234001892009e-06,2.229811673788423e-07,2.2298116737884232e-07,0.9999999999999791,0.705752178975672,0.7057520785019733,1.747057610551403,1.7470574451536558
train_step1,train,1,/home/sail/Lite3/rl_training_new/lite3_debug/train/2026-02-12_13-02-05_parity_latest/debug_play_step1.npz,actor.4,"[1, 128]","[1, 128]",True,6.611226126551628e-07,3.814697265625e-06,9.664499089175374e-07,1.093413254836339e-05,2.8610174680051086e-07,2.8610174680051086e-07,0.9999999999999656,-0.2672530203126371,-0.2672530122799799,3.367405160097239,3.3674047615978795
train_step1,train,1,/home/sail/Lite3/rl_training_new/lite3_debug/train/2026-02-12_13-02-05_parity_latest/debug_play_step1.npz,actor.5,"[1, 128]","[1, 128]",True,3.1990930438041687e-07,3.814697265625e-06,6.840372527686077e-07,7.738998080270385e-06,2.837077981217579e-07,2.8370779812175786e-07,0.9999999999999675,0.8638872279552743,0.8638870815047994,2.2509823571350207,2.2509820698351395
train_step1,train,1,/home/sail/Lite3/rl_training_new/lite3_debug/train/2026-02-12_13-02-05_parity_latest/debug_play_step1.npz,actor.6,"[1, 12]","[1, 12]",True,6.693104902903239e-07,2.86102294921875e-06,9.675146217048613e-07,3.3515689637172035e-06,2.4885632177882897e-07,2.488563217788289e-07,0.999999999999965,-1.163356873827676,-1.1633568129812677,3.709708042271682,3.709707838686146
deploy_step2,deploy,2,/home/sail/Lite3/rl_training_new/lite3_debug/deploy/debug_cpp_step2.txt,input.obs_flat,"[1, 4797]","[1, 4797]",True,0.0,0.0,0.0,0.0,0.0,0.0,0.999999999999998,0.00014277963639173987,0.00014277963639173987,0.3163969820645108,0.3163969820645108
deploy_step2,deploy,2,/home/sail/Lite3/rl_training_new/lite3_debug/deploy/debug_cpp_step2.txt,split.obs,"[1, 117]","[1, 117]",True,0.0,0.0,0.0,0.0,0.0,0.0,0.9999999999999939,-0.08780992747757471,-0.08780992747757471,1.1821204717263931,1.1821204717263931
deploy_step2,deploy,2,/home/sail/Lite3/rl_training_new/lite3_debug/deploy/debug_cpp_step2.txt,split.obs_hist,"[1, 4680]","[1, 4680]",True,0.0,0.0,0.0,0.0,0.0,0.0,0.9999999999999968,0.002341597314240901,0.002341597314240901,0.2597619670154882,0.2597619670154882
deploy_step2,deploy,2,/home/sail/Lite3/rl_training_new/lite3_debug/deploy/debug_cpp_step2.txt,adaptation_module.0,"[1, 256]","[1, 256]",True,9.220930223818868e-07,1.52587890625e-05,1.7994390678204325e-06,2.879102508512692e-05,1.905174701878652e-07,1.905174701878652e-07,0.9999999999999818,-3.345781290609011,-3.3457813572895247,8.832549315970542,8.832549187211146
deploy_step2,deploy,2,/home/sail/Lite3/rl_training_new/lite3_debug/deploy/debug_cpp_step2.txt,adaptation_module.1,"[1, 256]","[1, 256]",True,2.3764368961565197e-07,7.62939453125e-06,9.976213313382414e-07,1.5961941301411862e-05,1.683043654356225e-07,1.683043654356225e-07,0.9999999999999862,0.6201191748732526,0.6201191472355276,5.894956454529361,5.89495625849111
deploy_step2,deploy,2,/home/sail/Lite3/rl_training_new/lite3_debug/deploy/debug_cpp_step2.txt,adaptation_module.2,"[1, 32]","[1, 32]",True,3.0081719160079956e-06,1.1444091796875e-05,4.342723511462026e-06,2.4566153950184433e-05,2.398560556908139e-07,2.3985605569081383e-07,0.9999999999999759,-9.008430007845163,-9.008428880944848,15.705374325997692,15.705372934599898
deploy_step2,deploy,2,/home/sail/Lite3/rl_training_new/lite3_debug/deploy/debug_cpp_step2.txt,adaptation_module.3,"[1, 32]","[1, 32]",True,8.326023817062378e-07,5.7220458984375e-06,1.5874807852684842e-06,8.980147426133525e-06,3.43930504333458e-07,3.4393050433345793e-07,0.9999999999999521,1.4570554215461016,1.457055203616619,4.379691346595022,4.379690641713454
deploy_step2,deploy,2,/home/sail/Lite3/rl_training_new/lite3_debug/deploy/debug_cpp_step2.txt,adaptation_module.4,"[1, 18]","[1, 18]",True,2.4669700198703344e-07,5.960464477539062e-07,3.358918440877738e-07,1.4250684041983165e-06,3.001439166858854e-07,3.001439166858854e-07,0.9999999999999128,-0.12198948446247312,-0.1219894215464592,1.1124339278602084,1.112434010193097
deploy_step2,deploy,2,/home/sail/Lite3/rl_training_new/lite3_debug/deploy/debug_cpp_step2.txt,concat.obs_latent,"[1, 135]","[1, 135]",True,3.289293359827112e-08,5.960464477539062e-07,1.2265035992592132e-07,1.4250684041983165e-06,1.0422748719062939e-07,1.0422748719062939e-07,0.9999999999999892,-0.09236720174222783,-0.09236719335342598,1.1731256814305875,1.17312569162855
deploy_step2,deploy,2,/home/sail/Lite3/rl_training_new/lite3_debug/deploy/debug_cpp_step2.txt,actor.0,"[1, 512]","[1, 512]",True,1.3425233191810548e-07,5.960464477539062e-07,1.7506288601711035e-07,3.9612209227771635e-06,2.1765564972488222e-07,2.176556497248822e-07,0.9999999999999732,0.05248986046353821,0.05248984679565183,0.8025966539856728,0.8025966623551541
deploy_step2,deploy,2,/home/sail/Lite3/rl_training_new/lite3_debug/deploy/debug_cpp_step2.txt,actor.1,"[1, 512]","[1, 512]",True,1.0956318874377757e-07,5.960464477539062e-07,1.4902360186476959e-07,3.37201918193353e-06,2.174996166930646e-07,2.1749961669306458e-07,0.9999999999999722,0.1508253319962023,0.15082532352607814,0.6683605327189531,0.6683605329195595
deploy_step2,deploy,2,/home/sail/Lite3/rl_training_new/lite3_debug/deploy/debug_cpp_step2.txt,actor.2,"[1, 256]","[1, 256]",True,3.493987605907023e-07,1.430511474609375e-06,4.570277683111914e-07,7.312444292979062e-06,2.6602553380181473e-07,2.6602553380181473e-07,0.9999999999999633,-0.09896286893490469,-0.09896289653261192,1.7151318931797397,1.7151318901421895
deploy_step2,deploy,2,/home/sail/Lite3/rl_training_new/lite3_debug/deploy/debug_cpp_step2.txt,actor.3,"[1, 256]","[1, 256]",True,2.331751005613114e-07,1.1920928955078125e-06,3.2940399408957125e-07,5.27046390543314e-06,2.698094427929978e-07,2.698094427929978e-07,0.9999999999999613,0.3129459815342983,0.3129459675983526,1.1800864855339157,1.1800864568813396
deploy_step2,deploy,2,/home/sail/Lite3/rl_training_new/lite3_debug/deploy/debug_cpp_step2.txt,actor.4,"[1, 128]","[1, 128]",True,4.945904947817326e-07,2.384185791015625e-06,6.418876931602198e-07,7.2621302495005e-06,3.117494701169272e-07,3.117494701169272e-07,0.9999999999999514,0.17436483822530136,0.17436489870306104,2.0515893626781505,2.05158923315927
deploy_step2,deploy,2,/home/sail/Lite3/rl_training_new/lite3_debug/deploy/debug_cpp_step2.txt,actor.5,"[1, 128]","[1, 128]",True,3.111199475824833e-07,2.384185791015625e-06,4.784084498948791e-07,5.412573745561818e-06,2.9761127238737123e-07,2.976112723873713e-07,0.9999999999999526,0.6236085738637485,0.6236085641430691,1.4816040466677018,1.4816040244251458
deploy_step2,deploy,2,/home/sail/Lite3/rl_training_new/lite3_debug/deploy/debug_cpp_step2.txt,actor.6,"[1, 12]","[1, 12]",True,5.463759104410807e-07,1.430511474609375e-06,7.202056630608185e-07,2.4948656006403385e-06,2.5941643643406263e-07,2.5941643643406263e-07,0.99999999999996,-1.141559769709905,-1.1415595809618633,2.5306959674871776,2.530695768452241
train_step2,train,2,/home/sail/Lite3/rl_training_new/lite3_debug/train/2026-02-12_13-02-05_parity_latest/debug_play_step2.npz,input.obs_flat,"[1, 4797]","[1, 4797]",True,0.0,0.0,0.0,0.0,0.0,0.0,0.9999999999999974,0.007988962822086831,0.007988962822086831,0.28922073567739076,0.28922073567739076
train_step2,train,2,/home/sail/Lite3/rl_training_new/lite3_debug/train/2026-02-12_13-02-05_parity_latest/debug_play_step2.npz,split.obs,"[1, 117]","[1, 117]",True,0.0,0.0,0.0,0.0,0.0,0.0,0.999999999999993,0.05466220901100439,0.05466220901100439,1.0968487276505994,1.0968487276505994
train_step2,train,2,/home/sail/Lite3/rl_training_new/lite3_debug/train/2026-02-12_13-02-05_parity_latest/debug_play_step2.npz,split.obs_hist,"[1, 4680]","[1, 4680]",True,0.0,0.0,0.0,0.0,0.0,0.0,0.9999999999999959,0.006822131667363892,0.006822131667363892,0.23581157778618086,0.23581157778618086
train_step2,train,2,/home/sail/Lite3/rl_training_new/lite3_debug/train/2026-02-12_13-02-05_parity_latest/debug_play_step2.npz,adaptation_module.0,"[1, 256]","[1, 256]",True,6.597838364541531e-07,5.7220458984375e-06,1.1515362067528494e-06,1.842457930804559e-05,1.2972166592036576e-07,1.2972166592036576e-07,0.9999999999999913,-2.6915456471324433,-2.691545580251841,8.459095547628321,8.459095516323183
train_step2,train,2,/home/sail/Lite3/rl_training_new/lite3_debug/train/2026-02-12_13-02-05_parity_latest/debug_play_step2.npz,adaptation_module.1,"[1, 256]","[1, 256]",True,1.8255377653986216e-07,4.76837158203125e-06,6.659445253499568e-07,1.065511240559931e-05,1.1778603631572718e-07,1.1778603631572718e-07,0.9999999999999929,0.785636814092868,0.7856368308421224,5.598998949423984,5.598998924834084
train_step2,train,2,/home/sail/Lite3/rl_training_new/lite3_debug/train/2026-02-12_13-02-05_parity_latest/debug_play_step2.npz,adaptation_module.2,"[1, 32]","[1, 32]",True,3.020279109477997e-06,1.52587890625e-05,4.478328877975782e-06,2.533325374400175e-05,2.305121674284134e-07,2.305121674284134e-07,0.9999999999999746,-8.449043943546712,-8.449045052751899,17.494298271577556,17.49429884369678
train_step2,train,2,/home/sail/Lite3/rl_training_new/lite3_debug/train/2026-02-12_13-02-05_parity_latest/debug_play_step2.npz,adaptation_module.3,"[1, 32]","[1, 32]",True,8.167698979377747e-07,7.62939453125e-06,1.8544987514034522e-06,1.0490629142554932e-05,3.0297764789925053e-07,3.0297764789925053e-07,0.9999999999999534,2.2898830715566874,2.289882910437882,5.676439741998078,5.676439667787908
train_step2,train,2,/home/sail/Lite3/rl_training_new/lite3_debug/train/2026-02-12_13-02-05_parity_latest/debug_play_step2.npz,adaptation_module.4,"[1, 18]","[1, 18]",True,2.7691324551900226e-07,6.631016731262207e-07,3.426952120112248e-07,1.4539326497597919e-06,2.6426718985906573e-07,2.642671898590657e-07,0.9999999999999327,-0.01495532774262958,-0.014955425841940774,1.2966892395751397,1.2966892738047726
train_step2,train,2,/home/sail/Lite3/rl_training_new/lite3_debug/train/2026-02-12_13-02-05_parity_latest/debug_play_step2.npz,concat.obs_latent,"[1, 135]","[1, 135]",True,3.6921766069200305e-08,6.631016731262207e-07,1.251345986450421e-07,1.4539326497597919e-06,1.1106203328786157e-07,1.1106203328786157e-07,0.999999999999988,0.045379870777186526,0.04537985769727836,1.125794814087496,1.1257948200452474
train_step2,train,2,/home/sail/Lite3/rl_training_new/lite3_debug/train/2026-02-12_13-02-05_parity_latest/debug_play_step2.npz,actor.0,"[1, 512]","[1, 512]",True,1.30425178213045e-07,1.1920928955078125e-06,1.7676881747299377e-07,3.999821745199391e-06,1.8915698172576778e-07,1.8915698172576775e-07,0.99999999999998,0.10986427729949355,0.10986427138050203,0.9280280588898593,0.9280280487485842
train_step2,train,2,/home/sail/Lite3/rl_training_new/lite3_debug/train/2026-02-12_13-02-05_parity_latest/debug_play_step2.npz,actor.1,"[1, 512]","[1, 512]",True,1.03545517049497e-07,1.1920928955078125e-06,1.5132265273205896e-07,3.42404076460723e-06,1.8901163715073595e-07,1.8901163715073592e-07,0.9999999999999792,0.22919791533286116,0.22919790919695515,0.7670906945612569,0.7670906848376094
train_step2,train,2,/home/sail/Lite3/rl_training_new/lite3_debug/train/2026-02-12_13-02-05_parity_latest/debug_play_step2.npz,actor.2,"[1, 256]","[1, 256]",True,3.7177233025431633e-07,2.384185791015625e-06,5.070836542973649e-07,8.113338468757838e-06,2.040003752510609e-07,2.040003752510609e-07,0.9999999999999787,0.07807997432246339,0.07808001172088552,2.4844730015582286,2.484473047510467
train_step2,train,2,/home/sail/Lite3/rl_training_new/lite3_debug/train/2026-02-12_13-02-05_parity_latest/debug_play_step2.npz,actor.3,"[1, 256]","[1, 256]",True,2.399610821157694e-07,1.9073486328125e-06,3.957834687032171e-07,6.332535499251474e-06,2.0540733051429507e-07,2.0540733051429507e-07,0.9999999999999793,0.6769678451819345,0.6769678777491208,1.803984349138638,1.8039844419545155
train_step2,train,2,/home/sail/Lite3/rl_training_new/lite3_debug/train/2026-02-12_13-02-05_parity_latest/debug_play_step2.npz,actor.4,"[1, 128]","[1, 128]",True,7.536145858466625e-07,3.814697265625e-06,1.0329885153994688e-06,1.168693094602862e-05,2.7473152025302466e-07,2.747315202530246e-07,0.9999999999999637,-0.35839104375918396,-0.35839102216414176,3.742873374143125,3.7428736063243737
train_step2,train,2,/home/sail/Lite3/rl_training_new/lite3_debug/train/2026-02-12_13-02-05_parity_latest/debug_play_step2.npz,actor.5,"[1, 128]","[1, 128]",True,3.9889710023999214e-07,3.814697265625e-06,7.928200346946697e-07,8.969734764690477e-06,3.029514423628649e-07,3.029514423628649e-07,0.9999999999999545,0.9468581519904546,0.9468582649715245,2.439688798671417,2.439688908277967
train_step2,train,2,/home/sail/Lite3/rl_training_new/lite3_debug/train/2026-02-12_13-02-05_parity_latest/debug_play_step2.npz,actor.6,"[1, 12]","[1, 12]",True,4.1971604029337567e-07,1.430511474609375e-06,5.939940043686256e-07,2.057655589915498e-06,1.2189582115319415e-07,1.2189582115319415e-07,0.9999999999999895,-1.9948162386814754,-1.9948162709673245,4.445952182338469,4.445952022578609
deploy_step3,deploy,3,/home/sail/Lite3/rl_training_new/lite3_debug/deploy/debug_cpp_step3.txt,input.obs_flat,"[1, 4797]","[1, 4797]",True,0.0,0.0,0.0,0.0,0.0,0.0,0.9999999999999987,-0.006418270365579606,-0.006418270365579606,0.4051607963149018,0.4051607963149018
deploy_step3,deploy,3,/home/sail/Lite3/rl_training_new/lite3_debug/deploy/debug_cpp_step3.txt,split.obs,"[1, 117]","[1, 117]",True,0.0,0.0,0.0,0.0,0.0,0.0,0.9999999999999958,-0.17840648877919993,-0.17840648877919993,1.4087453307391833,1.4087453307391833
deploy_step3,deploy,3,/home/sail/Lite3/rl_training_new/lite3_debug/deploy/debug_cpp_step3.txt,split.obs_hist,"[1, 4680]","[1, 4680]",True,0.0,0.0,0.0,0.0,0.0,0.0,0.9999999999999979,-0.002118564905239097,-0.002118564905239097,0.3433468819159849,0.3433468819159849
deploy_step3,deploy,3,/home/sail/Lite3/rl_training_new/lite3_debug/deploy/debug_cpp_step3.txt,adaptation_module.0,"[1, 256]","[1, 256]",True,1.1411320883780718e-06,2.288818359375e-05,2.4983755709213747e-06,3.9974009134741995e-05,1.8925078771326876e-07,1.8925078771326874e-07,0.9999999999999826,-5.9478317260800395,-5.9478317889152095,11.785596747319637,11.785597160692564
deploy_step3,deploy,3,/home/sail/Lite3/rl_training_new/lite3_debug/deploy/debug_cpp_step3.txt,adaptation_module.1,"[1, 256]","[1, 256]",True,2.8553768061101437e-07,2.288818359375e-05,1.8800086468655813e-06,3.00801383498493e-05,3.242037629335002e-07,3.242037629335002e-07,0.9999999999999493,0.5379778200585861,0.5379778048954904,5.773840046983362,5.773840430744929
deploy_step3,deploy,3,/home/sail/Lite3/rl_training_new/lite3_debug/deploy/debug_cpp_step3.txt,adaptation_module.2,"[1, 32]","[1, 32]",True,2.734363079071045e-06,1.1444091796875e-05,4.1219154570476845e-06,2.331707496924852e-05,2.608925048524745e-07,2.6089250485247453e-07,0.9999999999999698,-7.464786482043564,-7.464784775860608,13.924597659488931,13.924597003146646
deploy_step3,deploy,3,/home/sail/Lite3/rl_training_new/lite3_debug/deploy/debug_cpp_step3.txt,adaptation_module.3,"[1, 32]","[1, 32]",True,3.6228448152542114e-07,2.294778823852539e-06,6.884231646573666e-07,3.894309504441017e-06,1.8187696098804175e-07,1.8187696098804172e-07,0.9999999999999813,1.102700269781053,1.1027004234492779,3.620920105813404,3.6209200247651343
deploy_step3,deploy,3,/home/sail/Lite3/rl_training_new/lite3_debug/deploy/debug_cpp_step3.txt,adaptation_module.4,"[1, 18]","[1, 18]",True,1.726051171620687e-07,5.960464477539062e-07,2.427067846495089e-07,1.029717679593905e-06,2.051141868506037e-07,2.051141868506037e-07,0.9999999999999505,-0.1918336239953836,-0.19183351347843805,1.167622795388681,1.1676226353615806
deploy_step3,deploy,3,/home/sail/Lite3/rl_training_new/lite3_debug/deploy/debug_cpp_step3.txt,concat.obs_latent,"[1, 135]","[1, 135]",True,2.301401562160916e-08,5.960464477539062e-07,8.86239872080564e-08,1.029717679593905e-06,6.372321913965392e-08,6.372321913965392e-08,0.9999999999999941,-0.1801967734746911,-0.18019675873909835,1.379041279855593,1.3790412616654348
deploy_step3,deploy,3,/home/sail/Lite3/rl_training_new/lite3_debug/deploy/debug_cpp_step3.txt,actor.0,"[1, 512]","[1, 512]",True,1.3250064512249082e-07,7.152557373046875e-07,1.8284456410890962e-07,4.1373001979042694e-06,1.8999674512075914e-07,1.8999674512075908e-07,0.9999999999999801,0.013932082061728579,0.013932082245446509,0.9622554441486074,0.9622554366779471
deploy_step3,deploy,3,/home/sail/Lite3/rl_training_new/lite3_debug/deploy/debug_cpp_step3.txt,actor.1,"[1, 512]","[1, 512]",True,9.690324986877386e-08,7.152557373046875e-07,1.3996700951956594e-07,3.167091890357988e-06,1.7480633836448518e-07,1.7480633836448518e-07,0.9999999999999817,0.15232913508430102,0.15232913113504765,0.7860740586036276,0.7860740587828405
deploy_step3,deploy,3,/home/sail/Lite3/rl_training_new/lite3_debug/deploy/debug_cpp_step3.txt,actor.2,"[1, 256]","[1, 256]",True,2.7902751753572375e-07,1.6689300537109375e-06,3.957248340912375e-07,6.3315973454598e-06,1.846035412730845e-07,1.846035412730845e-07,0.9999999999999822,-0.24002589227711724,-0.2400259224086767,2.130166703835526,2.1301666968353157
deploy_step3,deploy,3,/home/sail/Lite3/rl_training_new/lite3_debug/deploy/debug_cpp_step3.txt,actor.3,"[1, 256]","[1, 256]",True,1.7040292732417583e-07,1.6689300537109375e-06,3.1192355306845485e-07,4.9907768490952776e-06,2.1170597744223778e-07,2.1170597744223778e-07,0.9999999999999757,0.37903147895121947,0.37903145435848273,1.4237930139351878,1.4237930052831766
deploy_step3,deploy,3,/home/sail/Lite3/rl_training_new/lite3_debug/deploy/debug_cpp_step3.txt,actor.4,"[1, 128]","[1, 128]",True,4.593748599290848e-07,3.337860107421875e-06,6.709608763494314e-07,7.591055769240826e-06,2.6139654177000514e-07,2.6139654177000514e-07,0.9999999999999667,0.2080371720949188,0.20803710527252406,2.5583870824530197,2.5583869157193297
deploy_step3,deploy,3,/home/sail/Lite3/rl_training_new/lite3_debug/deploy/debug_cpp_step3.txt,actor.5,"[1, 128]","[1, 128]",True,2.9313378036022186e-07,3.337860107421875e-06,5.608820133695161e-07,6.345655601586378e-06,2.712627531338395e-07,2.712627531338395e-07,0.9999999999999649,0.8152231028070673,0.8152230099076405,1.9001770730224878,1.9001769254888343
deploy_step3,deploy,3,/home/sail/Lite3/rl_training_new/lite3_debug/deploy/debug_cpp_step3.txt,actor.6,"[1, 12]","[1, 12]",True,5.190571149190267e-07,1.6689300537109375e-06,7.66456789234282e-07,2.6550842015197737e-06,1.8473558735421187e-07,1.8473558735421185e-07,0.9999999999999862,-0.7284623682498932,-0.7284622266888618,4.084487993956847,4.08448748258804
train_step3,train,3,/home/sail/Lite3/rl_training_new/lite3_debug/train/2026-02-12_13-02-05_parity_latest/debug_play_step3.npz,input.obs_flat,"[1, 4797]","[1, 4797]",True,0.0,0.0,0.0,0.0,0.0,0.0,0.9999999999999988,0.0033615671968416777,0.0033615671968416777,0.4332630972616253,0.4332630972616253
train_step3,train,3,/home/sail/Lite3/rl_training_new/lite3_debug/train/2026-02-12_13-02-05_parity_latest/debug_play_step3.npz,split.obs,"[1, 117]","[1, 117]",True,0.0,0.0,0.0,0.0,0.0,0.0,0.9999999999999968,-0.06753050581202345,-0.06753050581202345,1.6525117652414345,1.6525117652414345
train_step3,train,3,/home/sail/Lite3/rl_training_new/lite3_debug/train/2026-02-12_13-02-05_parity_latest/debug_play_step3.npz,split.obs_hist,"[1, 4680]","[1, 4680]",True,0.0,0.0,0.0,0.0,0.0,0.0,0.999999999999998,0.005133869022063306,0.005133869022063306,0.3521522010072831,0.3521522010072831
train_step3,train,3,/home/sail/Lite3/rl_training_new/lite3_debug/train/2026-02-12_13-02-05_parity_latest/debug_play_step3.npz,adaptation_module.0,"[1, 256]","[1, 256]",True,8.481802069582045e-07,7.62939453125e-06,1.5057033019593722e-06,2.4091252831349956e-05,1.3199744199102685e-07,1.3199744199102685e-07,0.9999999999999915,-3.2276590063338517,-3.2276590212713927,10.940901800119411,10.940901842026756
train_step3,train,3,/home/sail/Lite3/rl_training_new/lite3_debug/train/2026-02-12_13-02-05_parity_latest/debug_play_step3.npz,adaptation_module.1,"[1, 256]","[1, 256]",True,2.2649328457191586e-07,7.62939453125e-06,8.620058406633024e-07,1.3792093450612838e-05,1.1019564286256847e-07,1.1019564286256846e-07,0.9999999999999939,1.2449841775887762,1.2449841800844297,7.722796183864994,7.72279603965711
train_step3,train,3,/home/sail/Lite3/rl_training_new/lite3_debug/train/2026-02-12_13-02-05_parity_latest/debug_play_step3.npz,adaptation_module.2,"[1, 32]","[1, 32]",True,4.007946699857712e-06,2.288818359375e-05,6.023475899934996e-06,3.4073925241262225e-05,2.5991465735513774e-07,2.5991465735513774e-07,0.9999999999999746,-11.374942682217807,-11.374941802583635,20.19116267671275,20.191159718112218
train_step3,train,3,/home/sail/Lite3/rl_training_new/lite3_debug/train/2026-02-12_13-02-05_parity_latest/debug_play_step3.npz,adaptation_module.3,"[1, 32]","[1, 32]",True,9.522773325443268e-07,9.5367431640625e-06,2.228702985032155e-06,1.2607447951735499e-05,3.7416765472321413e-07,3.741676547232142e-07,0.9999999999999362,1.6086500124074519,1.6086500231176615,5.735092752670421,5.735092025759811
train_step3,train,3,/home/sail/Lite3/rl_training_new/lite3_debug/train/2026-02-12_13-02-05_parity_latest/debug_play_step3.npz,adaptation_module.4,"[1, 18]","[1, 18]",True,4.7083530161115857e-07,1.0132789611816406e-06,5.805698901179451e-07,2.4631494375307668e-06,4.698209458424159e-07,4.69820945842416e-07,0.9999999999998657,-0.064130165717668,-0.06412997220953305,1.2340606594456038,1.2340604743085024
train_step3,train,3,/home/sail/Lite3/rl_training_new/lite3_debug/train/2026-02-12_13-02-05_parity_latest/debug_play_step3.npz,concat.obs_latent,"[1, 135]","[1, 135]",True,6.277804021482114e-08,1.0132789611816406e-06,2.1199415001726277e-07,2.4631494375307668e-06,1.3212926878436977e-07,1.321292687843698e-07,0.9999999999999882,-0.06707712713277605,-0.0670771013316914,1.6030422786922467,1.6030422597366127
train_step3,train,3,/home/sail/Lite3/rl_training_new/lite3_debug/train/2026-02-12_13-02-05_parity_latest/debug_play_step3.npz,actor.0,"[1, 512]","[1, 512]",True,2.0832794689340517e-07,1.1920928955078125e-06,2.703731195659208e-07,6.117845321459962e-06,2.4745400604846694e-07,2.474540060484669e-07,0.999999999999968,-0.00692517231709644,-0.006925167182998848,1.0925977441969048,1.092597760580606
train_step3,train,3,/home/sail/Lite3/rl_training_new/lite3_debug/train/2026-02-12_13-02-05_parity_latest/debug_play_step3.npz,actor.1,"[1, 512]","[1, 512]",True,1.5755529148009373e-07,1.1920928955078125e-06,2.2938523630409975e-07,5.190395395030642e-06,2.591221852982631e-07,2.591221852982631e-07,0.9999999999999641,0.17609479536815797,0.1760948040537187,0.8675482039309339,0.8675482127563799
train_step3,train,3,/home/sail/Lite3/rl_training_new/lite3_debug/train/2026-02-12_13-02-05_parity_latest/debug_play_step3.npz,actor.2,"[1, 256]","[1, 256]",True,5.661640898324549e-07,2.86102294921875e-06,7.278328095914265e-07,1.1645324953462824e-05,3.162250564489554e-07,3.162250564489554e-07,0.9999999999999524,-0.12145090594276553,-0.1214508144184947,2.2984225996191987,2.2984227809163715
train_step3,train,3,/home/sail/Lite3/rl_training_new/lite3_debug/train/2026-02-12_13-02-05_parity_latest/debug_play_step3.npz,actor.3,"[1, 256]","[1, 256]",True,3.5494304029271007e-07,2.86102294921875e-06,5.709947482155748e-07,9.135915971449196e-06,3.396216129361544e-07,3.396216129361544e-07,0.9999999999999486,0.4809156743795029,0.4809158003772609,1.6110183750477536,1.6110185537046096
train_step3,train,3,/home/sail/Lite3/rl_training_new/lite3_debug/train/2026-02-12_13-02-05_parity_latest/debug_play_step3.npz,actor.4,"[1, 128]","[1, 128]",True,9.797513484954834e-07,4.76837158203125e-06,1.2789266664917781e-06,1.4469403496266277e-05,4.046489069384212e-07,4.0464890693842115e-07,0.9999999999999264,-0.17241998948156834,-0.17242005630396307,3.1558769829579605,3.1558773991697047
train_step3,train,3,/home/sail/Lite3/rl_training_new/lite3_debug/train/2026-02-12_13-02-05_parity_latest/debug_play_step3.npz,actor.5,"[1, 128]","[1, 128]",True,5.903420969843864e-07,4.76837158203125e-06,9.844066397178514e-07,1.1137289766232886e-05,4.3888383105979983e-07,4.388838310597998e-07,0.9999999999999091,0.7736976334126666,0.7736977715976536,2.105312535223617,2.10531276443891
train_step3,train,3,/home/sail/Lite3/rl_training_new/lite3_debug/train/2026-02-12_13-02-05_parity_latest/debug_play_step3.npz,actor.6,"[1, 12]","[1, 12]",True,1.1151035626729329e-06,3.814697265625e-06,1.4707428484651375e-06,5.094802676820385e-06,3.444123744905942e-07,3.4441237449059416e-07,0.9999999999999623,-2.604017823934555,-2.6040182088812194,3.3844527874701473,3.3844537224412603
deploy_step4,deploy,4,/home/sail/Lite3/rl_training_new/lite3_debug/deploy/debug_cpp_step4.txt,input.obs_flat,"[1, 4797]","[1, 4797]",True,0.0,0.0,0.0,0.0,0.0,0.0,0.9999999999999991,-0.012566220363824274,-0.012566220363824274,0.5306305615480749,0.5306305615480749
deploy_step4,deploy,4,/home/sail/Lite3/rl_training_new/lite3_debug/deploy/debug_cpp_step4.txt,split.obs,"[1, 117]","[1, 117]",True,0.0,0.0,0.0,0.0,0.0,0.0,0.9999999999999974,-0.21523621935361567,-0.21523621935361567,1.8360935115993686,1.8360935115993686
deploy_step4,deploy,4,/home/sail/Lite3/rl_training_new/lite3_debug/deploy/debug_cpp_step4.txt,split.obs_hist,"[1, 4680]","[1, 4680]",True,0.0,0.0,0.0,0.0,0.0,0.0,0.9999999999999989,-0.0074994703890794885,-0.0074994703890794885,0.45085970979789686,0.45085970979789686
deploy_step4,deploy,4,/home/sail/Lite3/rl_training_new/lite3_debug/deploy/debug_cpp_step4.txt,adaptation_module.0,"[1, 256]","[1, 256]",True,1.4727120287716389e-06,3.0517578125e-05,2.9362775293192915e-06,4.6980440469108663e-05,1.5910381778301342e-07,1.5910381778301342e-07,0.9999999999999885,-9.289143543166574,-9.289143500616774,15.946870594667939,15.946869713452479
deploy_step4,deploy,4,/home/sail/Lite3/rl_training_new/lite3_debug/deploy/debug_cpp_step4.txt,adaptation_module.1,"[1, 256]","[1, 256]",True,2.300366759300232e-07,9.5367431640625e-06,1.0920224824402967e-06,1.7472359719044748e-05,1.6722669960804833e-07,1.6722669960804833e-07,0.9999999999999857,0.5051226587966084,0.5051226373761892,6.510626753547213,6.510626693853938
deploy_step4,deploy,4,/home/sail/Lite3/rl_training_new/lite3_debug/deploy/debug_cpp_step4.txt,adaptation_module.2,"[1, 32]","[1, 32]",True,3.170222043991089e-06,1.1444091796875e-05,4.933837252882505e-06,2.790999823027221e-05,3.0105041175103894e-07,3.0105041175103894e-07,0.9999999999999545,-6.3347153179347515,-6.33471454679966,15.114966633056598,15.11496694994311
deploy_step4,deploy,4,/home/sail/Lite3/rl_training_new/lite3_debug/deploy/debug_cpp_step4.txt,adaptation_module.3,"[1, 32]","[1, 32]",True,7.35744833946228e-07,8.58306884765625e-06,1.8113034146905923e-06,1.0246279418512536e-05,4.770144321419106e-07,4.770144321419106e-07,0.9999999999999108,1.4000880774110556,1.4000883251428604,3.529621775205045,3.5296226210965402
deploy_step4,deploy,4,/home/sail/Lite3/rl_training_new/lite3_debug/deploy/debug_cpp_step4.txt,adaptation_module.4,"[1, 18]","[1, 18]",True,3.294812308417426e-07,9.5367431640625e-07,3.976746181894957e-07,1.6871905153653813e-06,3.67513674721584e-07,3.6751367472158406e-07,0.9999999999998934,-0.18706313727630508,-0.18706326807538667,1.0657755605037766,1.0657756792899886
deploy_step4,deploy,4,/home/sail/Lite3/rl_training_new/lite3_debug/deploy/debug_cpp_step4.txt,concat.obs_latent,"[1, 135]","[1, 135]",True,4.393083077889902e-08,9.5367431640625e-07,1.4521023928642735e-07,1.6871905153653813e-06,8.223538468527488e-08,8.223538468527488e-08,0.9999999999999943,-0.21147980840997427,-0.2114798258498518,1.753078109305249,1.753078118691085
deploy_step4,deploy,4,/home/sail/Lite3/rl_training_new/lite3_debug/deploy/debug_cpp_step4.txt,actor.0,"[1, 512]","[1, 512]",True,2.0823426893912256e-07,9.5367431640625e-07,2.749873445487467e-07,6.222253314268813e-06,2.1852076434680509e-07,2.1852076434680506e-07,0.9999999999999751,0.09041868811982567,0.09041866997722536,1.2551511478905653,1.2551511645532543
deploy_step4,deploy,4,/home/sail/Lite3/rl_training_new/lite3_debug/deploy/debug_cpp_step4.txt,actor.1,"[1, 512]","[1, 512]",True,1.5840122458143924e-07,9.5367431640625e-07,2.2745326805587793e-07,5.14667994385129e-06,2.2138560822887016e-07,2.2138560822887013e-07,0.9999999999999739,0.2965749891227567,0.2965749765098735,0.9836715713683233,0.9836715781117882
deploy_step4,deploy,4,/home/sail/Lite3/rl_training_new/lite3_debug/deploy/debug_cpp_step4.txt,actor.2,"[1, 256]","[1, 256]",True,5.396723281592131e-07,2.86102294921875e-06,7.189223086044127e-07,1.1502756937670603e-05,2.6351010139219876e-07,2.6351010139219876e-07,0.9999999999999647,-0.27305147641163785,-0.2730515437433496,2.714555039340584,2.714555026309704
deploy_step4,deploy,4,/home/sail/Lite3/rl_training_new/lite3_debug/deploy/debug_cpp_step4.txt,actor.3,"[1, 256]","[1, 256]",True,2.8558133635669947e-07,2.86102294921875e-06,4.863849142870992e-07,7.782158628593587e-06,2.6053174205932765e-07,2.6053174205932765e-07,0.9999999999999657,0.5942326360673178,0.5942325863288715,1.7697958808389698,1.7697958225234018
deploy_step4,deploy,4,/home/sail/Lite3/rl_training_new/lite3_debug/deploy/debug_cpp_step4.txt,actor.4,"[1, 128]","[1, 128]",True,7.221242412924767e-07,2.86102294921875e-06,9.287905919803056e-07,1.050806601426467e-05,3.007462640647498e-07,3.007462640647498e-07,0.9999999999999571,0.3093691118992865,0.30936918628867716,3.072751785388648,3.0727520307094767
deploy_step4,deploy,4,/home/sail/Lite3/rl_training_new/lite3_debug/deploy/debug_cpp_step4.txt,actor.5,"[1, 128]","[1, 128]",True,4.300381988286972e-07,2.86102294921875e-06,6.898227787933288e-07,7.804453835227369e-06,2.772287886379145e-07,2.7722878863791443e-07,0.999999999999964,1.0665691117756069,1.0665692349430174,2.2481028460733095,2.24810302081306
deploy_step4,deploy,4,/home/sail/Lite3/rl_training_new/lite3_debug/deploy/debug_cpp_step4.txt,actor.6,"[1, 12]","[1, 12]",True,5.508773028850555e-07,1.9073486328125e-06,8.252017294207846e-07,2.858582643701008e-06,1.6211225817176295e-07,1.6211225817176293e-07,0.9999999999999842,-0.10287896947314341,-0.10287901464228828,5.0892707602158875,5.089270943082525
train_step4,train,4,/home/sail/Lite3/rl_training_new/lite3_debug/train/2026-02-12_13-02-05_parity_latest/debug_play_step4.npz,input.obs_flat,"[1, 4797]","[1, 4797]",True,0.0,0.0,0.0,0.0,0.0,0.0,0.9999999999999996,-0.007506429295857443,-0.007506429295857443,0.5926555644620485,0.5926555644620485
train_step4,train,4,/home/sail/Lite3/rl_training_new/lite3_debug/train/2026-02-12_13-02-05_parity_latest/debug_play_step4.npz,split.obs,"[1, 117]","[1, 117]",True,0.0,0.0,0.0,0.0,0.0,0.0,0.9999999999999979,-0.25655918100634373,-0.25655918100634373,2.1575482786231053,2.1575482786231053
train_step4,train,4,/home/sail/Lite3/rl_training_new/lite3_debug/train/2026-02-12_13-02-05_parity_latest/debug_play_step4.npz,split.obs_hist,"[1, 4680]","[1, 4680]",True,0.0,0.0,0.0,0.0,0.0,0.0,0.9999999999999992,-0.0012801105030952867,-0.0012801105030952867,0.4919927035040395,0.4919927035040395
train_step4,train,4,/home/sail/Lite3/rl_training_new/lite3_debug/train/2026-02-12_13-02-05_parity_latest/debug_play_step4.npz,adaptation_module.0,"[1, 256]","[1, 256]",True,1.3259414117783308e-06,4.57763671875e-05,3.667187417232603e-06,5.867499867572165e-05,2.1530048046035295e-07,2.1530048046035295e-07,0.9999999999999836,-4.949757958151167,-4.949757649912499,16.297819611420095,16.297817715388565
train_step4,train,4,/home/sail/Lite3/rl_training_new/lite3_debug/train/2026-02-12_13-02-05_parity_latest/debug_play_step4.npz,adaptation_module.1,"[1, 256]","[1, 256]",True,3.445602487772703e-07,1.430511474609375e-05,1.3838344883562584e-06,2.2141351813700134e-05,1.463958667065874e-07,1.4639586670658737e-07,0.9999999999999895,1.549055310926633,1.549055282608606,9.32489907204001,9.324899009425582
train_step4,train,4,/home/sail/Lite3/rl_training_new/lite3_debug/train/2026-02-12_13-02-05_parity_latest/debug_play_step4.npz,adaptation_module.2,"[1, 32]","[1, 32]",True,2.419576048851013e-06,9.5367431640625e-06,3.62917467312275e-06,2.0529712171804547e-05,1.2865694274958695e-07,1.2865694274958698e-07,0.9999999999999921,-15.26102478057146,-15.261023653671145,23.723427140910132,23.723426941110706
train_step4,train,4,/home/sail/Lite3/rl_training_new/lite3_debug/train/2026-02-12_13-02-05_parity_latest/debug_play_step4.npz,adaptation_module.3,"[1, 32]","[1, 32]",True,6.332993507385254e-07,9.5367431640625e-06,1.9543825863736068e-06,1.1055657438861447e-05,2.847277986298957e-07,2.847277986298957e-07,0.9999999999999635,1.8449681792408228,1.8449681792408228,6.611438394855499,6.61143771618167
train_step4,train,4,/home/sail/Lite3/rl_training_new/lite3_debug/train/2026-02-12_13-02-05_parity_latest/debug_play_step4.npz,adaptation_module.4,"[1, 18]","[1, 18]",True,2.814663781060113e-07,9.5367431640625e-07,3.804905812383802e-07,1.6142848210276176e-06,2.943858986391381e-07,2.943858986391381e-07,0.9999999999999415,-0.13413476281695896,-0.1341346734099918,1.2855100466305545,1.2855098106468483
train_step4,train,4,/home/sail/Lite3/rl_training_new/lite3_debug/train/2026-02-12_13-02-05_parity_latest/debug_play_step4.npz,concat.obs_latent,"[1, 135]","[1, 135]",True,3.752885041413484e-08,9.5367431640625e-07,1.3893551617500853e-07,1.6142848210276176e-06,6.689084758333707e-08,6.689084758333707e-08,0.9999999999999961,-0.24023592524775908,-0.24023591332683011,2.0631083406000053,2.063108321607743
train_step4,train,4,/home/sail/Lite3/rl_training_new/lite3_debug/train/2026-02-12_13-02-05_parity_latest/debug_play_step4.npz,actor.0,"[1, 512]","[1, 512]",True,1.872795110102743e-07,9.5367431640625e-07,2.399020818040332e-07,5.428364443660855e-06,1.7896378644388757e-07,1.7896378644388757e-07,0.9999999999999831,-0.0663737891773053,-0.06637380104075419,1.3388620688999335,1.3388620593581508
train_step4,train,4,/home/sail/Lite3/rl_training_new/lite3_debug/train/2026-02-12_13-02-05_parity_latest/debug_play_step4.npz,actor.1,"[1, 512]","[1, 512]",True,1.2770215107593685e-07,7.152557373046875e-07,1.8090853456734092e-07,4.093492850146806e-06,1.7340584429917794e-07,1.7340584429917797e-07,0.9999999999999835,0.2028186488078063,0.20281863684067503,1.0233620582406897,1.0233620524483886
train_step4,train,4,/home/sail/Lite3/rl_training_new/lite3_debug/train/2026-02-12_13-02-05_parity_latest/debug_play_step4.npz,actor.2,"[1, 256]","[1, 256]",True,3.845489118248224e-07,2.384185791015625e-06,5.26024766874787e-07,8.416396269996592e-06,1.9313293853498064e-07,1.9313293853498064e-07,0.9999999999999812,-0.24597925005946308,-0.24597922214888968,2.712510618885842,2.7125106921535616
train_step4,train,4,/home/sail/Lite3/rl_training_new/lite3_debug/train/2026-02-12_13-02-05_parity_latest/debug_play_step4.npz,actor.3,"[1, 256]","[1, 256]",True,2.2651147446595132e-07,2.384185791015625e-06,4.0652327477962176e-07,6.504372396473948e-06,2.0659275994823123e-07,2.0659275994823123e-07,0.9999999999999781,0.5580436337586434,0.5580436680174898,1.8869643452294043,1.8869644038230882
train_step4,train,4,/home/sail/Lite3/rl_training_new/lite3_debug/train/2026-02-12_13-02-05_parity_latest/debug_play_step4.npz,actor.4,"[1, 128]","[1, 128]",True,6.106274668127298e-07,2.86102294921875e-06,8.822865252791713e-07,9.981932559590693e-06,2.4963811433186464e-07,2.496381143318647e-07,0.9999999999999711,-0.2571099733468145,-0.25710995952249505,3.5248975910044513,3.5248978636555233
train_step4,train,4,/home/sail/Lite3/rl_training_new/lite3_debug/train/2026-02-12_13-02-05_parity_latest/debug_play_step4.npz,actor.5,"[1, 128]","[1, 128]",True,3.2404204830527306e-07,2.86102294921875e-06,6.203317985333254e-07,7.018253141256985e-06,2.50349646437193e-07,2.5034964643719293e-07,0.9999999999999714,0.8737465113517828,0.8737466339953244,2.318699117823318,2.3186993081384393
train_step4,train,4,/home/sail/Lite3/rl_training_new/lite3_debug/train/2026-02-12_13-02-05_parity_latest/debug_play_step4.npz,actor.6,"[1, 12]","[1, 12]",True,8.493661880493164e-07,2.86102294921875e-06,1.1226420522831298e-06,3.888946146535554e-06,2.548887525633786e-07,2.548887525633786e-07,0.99999999999998,-2.8209691271185875,-2.8209696983297667,3.3824871312569686,3.3824877050342272
